{"centroids":[[0.38202085731664204,0.974728103652382,-0.09798631405884407],[1.0139670120498565,0.49528065753463396,-1.0828601184343867],[0.6538362064798415,0.6414857853342768,1.0731370446570376],[-1.1196915951235848,-1.1551249742937681,0.11924367557987446]],"scalingParams":{"means":[13.376551724137938,42.12413793103448,5.0344827586206895],"stdDevs":[8.218340040836711,10.495953425686308,1.9979635225768997]},"optimalK":4,"clusterStats":{"0":{"meanVector":[0.38202085731664204,0.974728103652382,-0.09798631405884407],"invCovMatrix":[[4.01377005097449,-0.7299169894042994,0.22769036311205768],[-0.7299169894042994,5.28295833946001,0.40155610505108563],[0.22769036311205768,0.40155610505108563,6.629004341954418]]},"1":{"meanVector":[1.0139670120498565,0.49528065753463396,-1.0828601184343867],"invCovMatrix":[[4.811854952644043,-1.130161862543359,-1.1027031306153852],[-1.130161862543359,4.606820451449185,0.8120918074272451],[-1.1027031306153852,0.8120918074272451,7.167975670736872]]},"2":{"meanVector":[0.6538362064798415,0.6414857853342768,1.0731370446570376],"invCovMatrix":[[2.280305971523616,-0.21233707136652552,-0.2493618202047955],[-0.21233707136652552,5.311862796720194,-0.8339304921395918],[-0.2493618202047955,-0.8339304921395918,6.853077386332462]]},"3":{"meanVector":[-1.1196915951235848,-1.1551249742937681,0.11924367557987446],"invCovMatrix":[[203.5800838509662,-2.1948161163893767,0.6148620238902663],[-2.1948161163893767,14.2474264608782,-0.8246580476703018],[0.6148620238902663,-0.8246580476703018,0.9289903425273671]]}},"agnesMap":{"samy_el-feky_119":0,"marwan_zaki_75":0,"nadine_osman_44":0,"ahmed_nofal_37":0,"adam_el-masry_31":0,"radwa_osman_24":0,"ahmed_nofal_127":0,"mariam_osman_124":0,"radwa_osman_84":0,"ahmed_nofal_67":0,"ibrahim_nofal_57":0,"reem_shaheen_48":0,"habiba_rashed_136":0,"sherine_salem_132":0,"reem_shaheen_108":0,"wael_zaki_85":0,"samy_el-feky_59":0,"moustafa_el-masry_51":0,"hussein_el-masry_41":1,"sherif_el-feky_39":1,"layla_salem_2":1,"adam_el-masry_1":1,"mariam_osman_34":1,"may_rashed_26":1,"youssef_shahin_93":1,"adam_el-masry_91":1,"mai_shaheen_88":1,"mai_shaheen_58":1,"heba_salem_142":2,"nadine_osman_134":2,"mohamed_shahin_133":2,"hazem_shahin_113":2,"sherine_salem_102":2,"may_rashed_86":2,"heba_salem_82":2,"ramy_nofal_77":2,"sherif_el-feky_69":2,"mostafa_zaki_65":2,"marwan_zaki_45":2,"sherine_salem_42":2,"mohamed_shahin_13":2,"wael_zaki_145":2,"ghada_el-haddad_140":2,"hussein_el-masry_131":2,"youssef_shahin_123":2,"ghada_el-haddad_110":2,"habiba_rashed_106":2,"maya_el-haddad_100":2,"ahmed_nofal_97":2,"rowan_el-haddad_90":2,"ibrahim_nofal_87":2,"hany_el-feky_79":2,"hussein_el-masry_71":2,"rowan_el-haddad_60":2,"may_rashed_56":2,"heba_salem_52":2,"hany_el-feky_49":2,"habiba_rashed_46":2,"youssef_shahin_33":2,"layla_salem_32":2,"samy_el-feky_29":2,"heba_salem_22":2,"hany_el-feky_19":2,"mariam_osman_4":2,"salma_shaheen_128":3,"mostafa_zaki_125":3,"mostafa_zaki_95":3,"mariam_osman_94":3,"salma_shaheen_68":3,"youssef_shahin_63":3,"adam_el-masry_61":3,"hazem_shahin_143":3,"yasmin_rashed_66":3,"mostafa_zaki_35":3,"hussein_el-masry_11":3,"salma_shaheen_8":3,"mostafa_zaki_5":3,"heba_salem_112":4,"salma_shaheen_38":4,"wael_zaki_25":4,"reem_shaheen_18":4,"yasmin_rashed_6":4,"ramy_nofal_137":4,"sherif_el-feky_129":4,"wael_zaki_115":4,"layla_salem_92":4,"samy_el-feky_89":4,"ghada_el-haddad_80":4,"mohamed_shahin_73":4,"ghada_el-haddad_50":4,"ramy_nofal_47":4,"rowan_el-haddad_30":4,"ahmed_nofal_7":4,"moustafa_el-masry_141":4,"yasmin_rashed_126":4,"layla_salem_122":4,"adam_el-masry_121":4,"mai_shaheen_118":4,"mohamed_shahin_103":4,"yasmin_rashed_96":4,"moustafa_el-masry_81":4,"hazem_shahin_53":4,"maya_el-haddad_40":4,"ibrahim_nofal_27":4,"youssef_shahin_3":4,"reem_shaheen_138":5,"marwan_zaki_135":5,"maya_el-haddad_130":5,"rowan_el-haddad_120":5,"ibrahim_nofal_117":5,"may_rashed_116":5,"marwan_zaki_105":5,"sherif_el-feky_99":5,"hazem_shahin_83":5,"nadine_osman_74":5,"mariam_osman_64":5,"mohamed_shahin_43":5,"mai_shaheen_28":5,"habiba_rashed_16":5,"maya_el-haddad_10":5,"sherif_el-feky_9":5,"radwa_osman_144":5,"hany_el-feky_109":5,"maya_el-haddad_70":5,"hazem_shahin_23":5,"moustafa_el-masry_111":6,"ramy_nofal_107":6,"nadine_osman_104":6,"hussein_el-masry_101":6,"sherine_salem_72":6,"layla_salem_62":6,"ghada_el-haddad_20":6,"nadine_osman_14":6,"hany_el-feky_139":6,"salma_shaheen_98":6,"reem_shaheen_78":6,"moustafa_el-masry_21":6,"ramy_nofal_17":6,"habiba_rashed_76":7,"wael_zaki_55":7,"radwa_osman_54":7,"sherine_salem_12":7,"radwa_osman_114":7,"yasmin_rashed_36":7,"marwan_zaki_15":7},